persian_name,english_name,brand,owner,price,dosage_form,code,generic_code
آریوسون پودر لئوفیلیزه برای تهیه محلول تزریقی پرنترال 2.4 mg (پودر لئوفیلیزه برای تهیه محلول تزریقی فاکتور هفت فعال),"(FACTOR VIIA INJECTION, POWDER, LYOPHILIZED, FOR SOLUTION PARENTERAL 2.4 mg )ARYOSEVEN INJECTION, POWDER, LYOPHILIZED, FOR SOLUTION PARENTERAL 2.4 mg",آریوژن فارمد,آریوژن فارمد,"100,000,000","1 VIAL, GLASS in 1 BOX",8089630345413017,94
نووسون آر تی پودر لئوفیلیزه برای تهیه محلول تزریقی پرنترال 2 mg (پودر لئوفیلیزه برای تهیه محلول تزریقی فاکتور هفت فعال),"(FACTOR VIIA INJECTION, POWDER, LYOPHILIZED, FOR SOLUTION PARENTERAL 2 mg )NOVOSEVEN RT INJECTION, POWDER, LYOPHILIZED, FOR SOLUTION PARENTERAL 2 mg",Novo Nordisk As,نوو نور دیسک پارس,0,"2 MILLIGRAM in 1 VIAL, GLASS",2851084758196902,14457
آریوسون پودر لئوفیلیزه برای تهیه محلول تزریقی پرنترال 4.8 mg (پودر لئوفیلیزه برای تهیه محلول تزریقی فاکتور هفت فعال),"(FACTOR VIIA INJECTION, POWDER, LYOPHILIZED, FOR SOLUTION PARENTERAL 4.8 mg )ARYOSEVEN INJECTION, POWDER, LYOPHILIZED, FOR SOLUTION PARENTERAL 4.8 mg",آریوژن فارمد,آریوژن فارمد,"200,000,000","1 VIAL, GLASS in 1 BOX",8230841839208720,95
نووسون آر تی پودر لئوفیلیزه برای تهیه محلول تزریقی پرنترال 1 mg (پودر لئوفیلیزه برای تهیه محلول تزریقی فاکتور هفت فعال),"(FACTOR VIIA INJECTION, POWDER, LYOPHILIZED, FOR SOLUTION PARENTERAL 1 mg )NOVOSEVEN RT INJECTION, POWDER, LYOPHILIZED, FOR SOLUTION PARENTERAL 1 mg",Novonordisk,آریوژن فارمد,0,"1 MILLIGRAM in 1 VIAL, GLASS",7672162456512605,14456
نووسون پودر لئوفیلیزه برای تهیه محلول تزریقی پرنترال 1 mg (پودر لئوفیلیزه برای تهیه محلول تزریقی فاکتور هفت فعال),"(FACTOR VIIA INJECTION, POWDER, LYOPHILIZED, FOR SOLUTION PARENTERAL 1 mg )NOVOSEVEN INJECTION, POWDER, LYOPHILIZED, FOR SOLUTION PARENTERAL 1 mg",Novonordisk,آریوژن فارمد,0,1 VIAL in 1 BOX,7954851452920744,14456
نووسون آر تی پودر لئوفیلیزه برای تهیه محلول تزریقی پرنترال 1 mg (پودر لئوفیلیزه برای تهیه محلول تزریقی فاکتور هفت فعال),"(FACTOR VIIA INJECTION, POWDER, LYOPHILIZED, FOR SOLUTION PARENTERAL 1 mg )NOVOSEVEN RT INJECTION, POWDER, LYOPHILIZED, FOR SOLUTION PARENTERAL 1 mg",Novo Nordisk Pharma Gmbh,رایان دارو ایرانیان,0,1 VIAL in 1 BOX,5052243416496247,14456
نووسون آر تی پودر لئوفیلیزه برای تهیه محلول تزریقی پرنترال 1 mg (پودر لئوفیلیزه برای تهیه محلول تزریقی فاکتور هفت فعال),"(FACTOR VIIA INJECTION, POWDER, LYOPHILIZED, FOR SOLUTION PARENTERAL 1 mg )NOVOSEVEN RT INJECTION, POWDER, LYOPHILIZED, FOR SOLUTION PARENTERAL 1 mg",Novonordisk,آریوژن فارمد,0,1 MILLIGRAM in 1 VIAL,1806128328570630,14456
نووسون آر تی پودر لئوفیلیزه برای تهیه محلول تزریقی پرنترال 2 mg (پودر لئوفیلیزه برای تهیه محلول تزریقی فاکتور هفت فعال),"(FACTOR VIIA INJECTION, POWDER, LYOPHILIZED, FOR SOLUTION PARENTERAL 2 mg )NOVOSEVEN RT INJECTION, POWDER, LYOPHILIZED, FOR SOLUTION PARENTERAL 2 mg",Novonordisk,تدبیر کیمیا اکسیر,0,"1 VIAL, GLASS in 1 PACKAGE",3686457615945424,14457
آریوسون آر تی پودر لئوفیلیزه برای تهیه سوسپانسیون تزریقی پرنترال 5 mg (پودر لئوفیلیزه برای تهیه سوسپانسیون تزریقی فاکتور هفت فعال),"(FACTOR VIIA INJECTION, POWDER, LYOPHILIZED, FOR SUSPENSION PARENTERAL 5 mg )ARYOSEVEN RT INJECTION, POWDER, LYOPHILIZED, FOR SUSPENSION PARENTERAL 5 mg",آریوژن فارمد,آریوژن فارمد,"142,480,536","1 VIAL, GLASS in 1 BOX",2225221627329687,52268
آریوسون پودر لئوفیلیزه برای تهیه محلول تزریقی پرنترال 1.2 mg (پودر لئوفیلیزه برای تهیه محلول تزریقی فاکتور هفت فعال),"(FACTOR VIIA INJECTION, POWDER, LYOPHILIZED, FOR SOLUTION PARENTERAL 1.2 mg )ARYOSEVEN INJECTION, POWDER, LYOPHILIZED, FOR SOLUTION PARENTERAL 1.2 mg",آریوژن فارمد,آریوژن فارمد,"50,000,000","1 VIAL, GLASS in 1 BOX",7594204592763038,2682
آریوسون آر تی پودر لئوفیلیزه برای تهیه محلول تزریقی پرنترال 2 mg (پودر لئوفیلیزه برای تهیه محلول تزریقی فاکتور هفت فعال),"(FACTOR VIIA INJECTION, POWDER, LYOPHILIZED, FOR SOLUTION PARENTERAL 2 mg )ARYOSEVEN RT INJECTION, POWDER, LYOPHILIZED, FOR SOLUTION PARENTERAL 2 mg",آریوژن فارمد,آریوژن فارمد,"56,992,214","1 VIAL, GLASS in 1 BOX",6261353559812028,14457
نووسون آر تی پودر لئوفیلیزه برای تهیه محلول تزریقی پرنترال 1 mg (پودر لئوفیلیزه برای تهیه محلول تزریقی فاکتور هفت فعال),"(FACTOR VIIA INJECTION, POWDER, LYOPHILIZED, FOR SOLUTION PARENTERAL 1 mg )NOVOSEVEN RT INJECTION, POWDER, LYOPHILIZED, FOR SOLUTION PARENTERAL 1 mg",Novo Nordisk As,نوو نور دیسک پارس,-,"1 VIAL, GLASS in 1 PACKAGE",4424288073366055,14456
آریوسون آر تی پودر لئوفیلیزه برای تهیه محلول تزریقی پرنترال 1 mg (پودر لئوفیلیزه برای تهیه محلول تزریقی فاکتور هفت فعال),"(FACTOR VIIA INJECTION, POWDER, LYOPHILIZED, FOR SOLUTION PARENTERAL 1 mg )ARYOSEVEN RT INJECTION, POWDER, LYOPHILIZED, FOR SOLUTION PARENTERAL 1 mg",آریوژن فارمد,آریوژن فارمد,"41,600,000","1 VIAL, GLASS in 1 BOX",8866518244369250,14456
نووسون آر تی پودر لئوفیلیزه برای تهیه محلول تزریقی پرنترال 1 mg (پودر لئوفیلیزه برای تهیه محلول تزریقی فاکتور هفت فعال),"(FACTOR VIIA INJECTION, POWDER, LYOPHILIZED, FOR SOLUTION PARENTERAL 1 mg )NOVOSEVEN RT INJECTION, POWDER, LYOPHILIZED, FOR SOLUTION PARENTERAL 1 mg",Novonordisk,تدبیر کیمیا اکسیر,0,"1 VIAL, GLASS in 1 PACKAGE",5046926374156924,14456
نووسون پودر لئوفیلیزه برای تهیه محلول تزریقی پرنترال 1 mg (پودر لئوفیلیزه برای تهیه محلول تزریقی فاکتور هفت فعال),"(FACTOR VIIA INJECTION, POWDER, LYOPHILIZED, FOR SOLUTION PARENTERAL 1 mg )NOVOSEVEN INJECTION, POWDER, LYOPHILIZED, FOR SOLUTION PARENTERAL 1 mg",Novo Nordisk,آریوژن فارمد,0,1 VIAL in 1 BOX,7714755253316067,14456
ویلیت پودر لئوفیلیزه برای تهیه محلول تزریقی پرنترال 500 [iU]/500 [iU] (پودر لئوفیلیزه برای تهیه محلول تزریقی فاکتور هشت / ون ویلبرند),"(FACTOR VIII / VON WILLEBRAND FACTOR INJECTION, POWDER, LYOPHILIZED, FOR SOLUTION PARENTERAL 500 [iU]/500 [iU] )WILATE INJECTION, POWDER, LYOPHILIZED, FOR SOLUTION PARENTERAL 500 [iU]/500 [iU]",Octapharma,پالایش و پژوهش خون,"46,057,000","1 VIAL, GLASS in 1 BOX",7643453470605443,51012
الوکتا پودر برای تهیه محلول تزریقی پرنترال 500 [iU] (پودر برای تهیه محلول تزریقی فاکتور هشت طولانی اثر),"(COAGULATION FACTOR VIII, Long Acting INJECTION, POWDER, FOR SOLUTION PARENTERAL 500 [iU] )ELOCTA INJECTION, POWDER, FOR SOLUTION PARENTERAL 500 [iU]",Sobi,رایان دارو ایرانیان,-,"1 VIAL, GLASS in 1 BOX",3944214622812930,52933
الوکتا پودر برای تهیه محلول تزریقی پرنترال 500 [iU] (پودر برای تهیه محلول تزریقی فاکتور هشت طولانی اثر),"(COAGULATION FACTOR VIII, Long Acting INJECTION, POWDER, FOR SOLUTION PARENTERAL 500 [iU] )ELOCTA INJECTION, POWDER, FOR SOLUTION PARENTERAL 500 [iU]",Biogen,رایان دارو ایرانیان,-,"1 VIAL, GLASS in 1 BOX",5278753850280828,52933
الوکتا پودر لئوفیلیزه برای تهیه فرآورده تزریقی پرنترال 3000 [iU] (پودر لئوفیلیزه برای تهیه فرآورده تزریقی فاکتور هشت طولانی اثر),"(COAGULATION FACTOR VIII, Long Acting INJECTION, POWDER, LYOPHILIZED PARENTERAL 3000 [iU] )ELOCTA INJECTION, POWDER, LYOPHILIZED PARENTERAL 3000 [iU]",Sobi,اوتانا فارمد گستر,-,"1 VIAL, GLASS in 1 BOX",9913539848047880,53437
ویلیت پودر لئوفیلیزه برای تهیه محلول تزریقی پرنترال 1000 [iU]/1000 [iU] 1000[iU](پودر لئوفیلیزه برای تهیه محلول تزریقی فاکتور هشت / ون ویلبرند),"(FACTOR VIII / VON WILLEBRAND FACTOR INJECTION, POWDER, LYOPHILIZED, FOR SOLUTION PARENTERAL 1000 [iU]/1000 [iU] 1000INTERNATIONAL UNITS)WILATE INJECTION, POWDER, LYOPHILIZED, FOR SOLUTION PARENTERAL 1000 [iU]/1000 [iU] 1000[iU]",Octapharma,تجهیزات پزشکی و دارویی پورا طب,"8,000,000","1 VIAL, GLASS in 1 BOX",5466366443896052,22419
هیومیت پی پودر لئوفیلیزه برای تهیه محلول تزریقی پرنترال 500 [iU]/1200 [iU] (پودر لئوفیلیزه برای تهیه محلول تزریقی فاکتور هشت / ون ویلبرند),"(FACTOR VIII / VON WILLEBRAND FACTOR INJECTION, POWDER, LYOPHILIZED, FOR SOLUTION PARENTERAL 500 [iU]/1200 [iU] )HAEMATE P INJECTION, POWDER, LYOPHILIZED, FOR SOLUTION PARENTERAL 500 [iU]/1200 [iU]",Csl Behring Gmbh,اوین دارو,"136,071,000",1 VIAL in 1 BOX,8795100783659384,9563
ایمیونیت پودر لئوفیلیزه برای تهیه محلول تزریقی پرنترال 1000 [iU]/1000 [iU] 500[iU](پودر لئوفیلیزه برای تهیه محلول تزریقی فاکتور هشت / ون ویلبرند),"(FACTOR VIII / VON WILLEBRAND FACTOR INJECTION, POWDER, LYOPHILIZED, FOR SOLUTION PARENTERAL 1000 [iU]/1000 [iU] 500INTERNATIONAL UNITS)IMMUNATE INJECTION, POWDER, LYOPHILIZED, FOR SOLUTION PARENTERAL 1000 [iU]/1000 [iU] 500[iU]","Takeda Pharmaceutical Company, Limited",کار و اندیشه,-,1 VIAL in 1 BOX,9802425459637764,50130
هیومیت پی پودر لئوفیلیزه برای تهیه محلول تزریقی پرنترال 250 [iU]/600 [iU] (پودر لئوفیلیزه برای تهیه محلول تزریقی فاکتور هشت / ون ویلبرند),"(FACTOR VIII / VON WILLEBRAND FACTOR INJECTION, POWDER, LYOPHILIZED, FOR SOLUTION PARENTERAL 250 [iU]/600 [iU] )HAEMATE P INJECTION, POWDER, LYOPHILIZED, FOR SOLUTION PARENTERAL 250 [iU]/600 [iU]",Csl Behring Gmbh,اوین دارو,"200,000",1 VIAL in 1 BOX,0419506194804911,12423
ویلیت پودر لئوفیلیزه برای تهیه محلول تزریقی پرنترال 500 [iU]/500 [iU] (پودر لئوفیلیزه برای تهیه محلول تزریقی فاکتور هشت / ون ویلبرند),"(FACTOR VIII / VON WILLEBRAND FACTOR INJECTION, POWDER, LYOPHILIZED, FOR SOLUTION PARENTERAL 500 [iU]/500 [iU] )WILATE INJECTION, POWDER, LYOPHILIZED, FOR SOLUTION PARENTERAL 500 [iU]/500 [iU]",Octapharma,تجهیزات پزشکی و دارویی پورا طب,"7,140,000","1 VIAL, GLASS in 1 BOX",8820119565944561,51012
ایمیونیت تزریقی پرنترال 1000 [iU]/750 [iU] (تزریقی فاکتور هشت / ون ویلبرند),(FACTOR VIII / VON WILLEBRAND FACTOR INJECTION PARENTERAL 1000 [iU]/750 [iU] )IMMUNATE INJECTION PARENTERAL 1000 [iU]/750 [iU],TAKEDA (ex BAXTER),کار و اندیشه,0,1 VIAL in 1 BOX,4745521690903996,52057
کوآگیت پودر برای تهیه محلول تزریقی پرنترال 500 [iU] (پودر برای تهیه محلول تزریقی فاکتور هشت طولانی اثر),"(COAGULATION FACTOR VIII, Long Acting INJECTION, POWDER, FOR SOLUTION PARENTERAL 500 [iU] )COAGEIGHT INJECTION, POWDER, FOR SOLUTION PARENTERAL 500 [iU]",آریوژن فارمد,آریوژن فارمد,"29,000,000",1 VIAL in 1 BOX,9547376896999538,52933
کوآگیت پودر لئوفیلیزه برای تهیه فرآورده تزریقی پرنترال 1000 [iU] (پودر لئوفیلیزه برای تهیه فرآورده تزریقی فاکتور هشت طولانی اثر),"(COAGULATION FACTOR VIII, Long Acting INJECTION, POWDER, LYOPHILIZED PARENTERAL 1000 [iU] )COAGEIGHT INJECTION, POWDER, LYOPHILIZED PARENTERAL 1000 [iU]",آریوژن فارمد,آریوژن فارمد,"58,000,000","1 VIAL, GLASS in 1 BOX",6894624752869881,53421
الوکتا پودر برای تهیه محلول تزریقی پرنترال 500 [iU] (پودر برای تهیه محلول تزریقی فاکتور هشت طولانی اثر),"(COAGULATION FACTOR VIII, Long Acting INJECTION, POWDER, FOR SOLUTION PARENTERAL 500 [iU] )ELOCTA INJECTION, POWDER, FOR SOLUTION PARENTERAL 500 [iU]",Sobi,رایان دارو ایرانیان,-,"1 VIAL, GLASS in 1 BOX",7787481918445233,52933
کوآگیت پودر لئوفیلیزه برای تهیه فرآورده تزریقی پرنترال 2000 [iU] (پودر لئوفیلیزه برای تهیه فرآورده تزریقی فاکتور هشت طولانی اثر),"(COAGULATION FACTOR VIII, Long Acting INJECTION, POWDER, LYOPHILIZED PARENTERAL 2000 [iU] )COAGEIGHT INJECTION, POWDER, LYOPHILIZED PARENTERAL 2000 [iU]",آریوژن فارمد,آریوژن فارمد,"116,000,000",2000 MILLIGRAM in 1 VIAL,6114335238471841,53422
الوکتا پودر لئوفیلیزه برای تهیه فرآورده تزریقی پرنترال 2000 [iU] (پودر لئوفیلیزه برای تهیه فرآورده تزریقی فاکتور هشت طولانی اثر),"(COAGULATION FACTOR VIII, Long Acting INJECTION, POWDER, LYOPHILIZED PARENTERAL 2000 [iU] )ELOCTA INJECTION, POWDER, LYOPHILIZED PARENTERAL 2000 [iU]",Sobi,اوتانا فارمد گستر,-,"1 VIAL, GLASS in 1 BOX",4493966540272857,53422
ویلیت پودر لئوفیلیزه برای تهیه محلول تزریقی پرنترال 1000 [iU]/1000 [iU] 1000[iU](پودر لئوفیلیزه برای تهیه محلول تزریقی فاکتور هشت / ون ویلبرند),"(FACTOR VIII / VON WILLEBRAND FACTOR INJECTION, POWDER, LYOPHILIZED, FOR SOLUTION PARENTERAL 1000 [iU]/1000 [iU] 1000INTERNATIONAL UNITS)WILATE INJECTION, POWDER, LYOPHILIZED, FOR SOLUTION PARENTERAL 1000 [iU]/1000 [iU] 1000[iU]",Octapharma,پالایش و پژوهش خون,-,"1 VIAL, GLASS in 1 BOX",5102774143763411,22419
الوکتا پودر لئوفیلیزه برای تهیه فرآورده تزریقی پرنترال 1500 [iU] (پودر لئوفیلیزه برای تهیه فرآورده تزریقی فاکتور هشت طولانی اثر),"(COAGULATION FACTOR VIII, Long Acting INJECTION, POWDER, LYOPHILIZED PARENTERAL 1500 [iU] )ELOCTA INJECTION, POWDER, LYOPHILIZED PARENTERAL 1500 [iU]",Sobi,اوتانا فارمد گستر,-,"1 VIAL, GLASS in 1 BOX",2246996137998723,53436
نووایت پودر لئوفیلیزه برای تهیه محلول تزریقی پرنترال 500 [iU] (پودر لئوفیلیزه برای تهیه محلول تزریقی فاکتور هشت (نوترکیب)),"(COAGULATION FACTOR VIII (RECOMBINANT) INJECTION, POWDER, LYOPHILIZED, FOR SOLUTION PARENTERAL 500 [iU] )NOVOEIGHT INJECTION, POWDER, LYOPHILIZED, FOR SOLUTION PARENTERAL 500 [iU]",Novo Nordisk,تدبیر کیمیا اکسیر,-,"1 VIAL, GLASS in 1 BOX",4530005322639426,52879
کووالتری پودر لئوفیلیزه برای تهیه محلول تزریقی پرنترال 500 [iU] (پودر لئوفیلیزه برای تهیه محلول تزریقی فاکتور هشت (نوترکیب)),"(COAGULATION FACTOR VIII (RECOMBINANT) INJECTION, POWDER, LYOPHILIZED, FOR SOLUTION PARENTERAL 500 [iU] )KOVALTRY INJECTION, POWDER, LYOPHILIZED, FOR SOLUTION PARENTERAL 500 [iU]",Bayer Ag(ex Bayer Pharma Ag),شفا یاب گستر,-,1 VIAL in 1 BOX,9727297131538167,52879
اموکلات پودر لئوفیلیزه برای تهیه محلول تزریقی پرنترال 500 [iU] (پودر لئوفیلیزه برای تهیه محلول تزریقی فاکتور هشت (مشتق از پلاسمای انسانی)),"(COAGULATION FACTOR VIII (HUMAN PLASMA DERIVED) INJECTION, POWDER, LYOPHILIZED, FOR SOLUTION PARENTERAL 500 [iU] )EMOCLOT INJECTION, POWDER, LYOPHILIZED, FOR SOLUTION PARENTERAL 500 [iU]",Kedrion,بهستان پلاسما,"29,000,000",1 VIAL in 1 BOX,8683308644773839,12544
زینتا پودر لئوفیلیزه برای تهیه محلول تزریقی پرنترال 250 [iU] (پودر لئوفیلیزه برای تهیه محلول تزریقی فاکتور هشت (نوترکیب)),"(COAGULATION FACTOR VIII (RECOMBINANT) INJECTION, POWDER, LYOPHILIZED, FOR SOLUTION PARENTERAL 250 [iU] )XYNTHA INJECTION, POWDER, LYOPHILIZED, FOR SOLUTION PARENTERAL 250 [iU]",Pfizer,بهستان دارو,0,1 VIAL in 1 BOX,6858010664261764,52878
برییت پی پودر لئوفیلیزه برای تهیه محلول تزریقی پرنترال 500 [iU] (پودر لئوفیلیزه برای تهیه محلول تزریقی فاکتور هشت (مشتق از پلاسمای انسانی)),"(COAGULATION FACTOR VIII (HUMAN PLASMA DERIVED) INJECTION, POWDER, LYOPHILIZED, FOR SOLUTION PARENTERAL 500 [iU] )BERIATE P INJECTION, POWDER, LYOPHILIZED, FOR SOLUTION PARENTERAL 500 [iU]",Csl Behring Gmbh,اوین دارو,"29,000,000",1 VIAL in 1 BOX,0073217792129398,12544
برییت پی پودر لئوفیلیزه برای تهیه محلول تزریقی پرنترال 250 [iU] (پودر لئوفیلیزه برای تهیه محلول تزریقی فاکتور هشت (مشتق از پلاسمای انسانی)),"(COAGULATION FACTOR VIII (HUMAN PLASMA DERIVED) INJECTION, POWDER, LYOPHILIZED, FOR SOLUTION PARENTERAL 250 [iU] )BERIATE P INJECTION, POWDER, LYOPHILIZED, FOR SOLUTION PARENTERAL 250 [iU]",Csl Behring Gmbh,اوین دارو,"3,370,000",1 VIAL in 1 BOX,6073259517479145,13238
هماکتین پودر لئوفیلیزه برای تهیه محلول تزریقی پرنترال 500 [iU] (پودر لئوفیلیزه برای تهیه محلول تزریقی فاکتور هشت (مشتق از پلاسمای انسانی)),"(COAGULATION FACTOR VIII (HUMAN PLASMA DERIVED) INJECTION, POWDER, LYOPHILIZED, FOR SOLUTION PARENTERAL 500 [iU] )HAEMOCTIN INJECTION, POWDER, LYOPHILIZED, FOR SOLUTION PARENTERAL 500 [iU]",Biotest AG,درمان آرا,"29,000,000","1 VIAL, GLASS in 1 BOX",0579693345955352,12544
اکتانیت پودر لئوفیلیزه برای تهیه محلول تزریقی پرنترال 250 [iU] (پودر لئوفیلیزه برای تهیه محلول تزریقی فاکتور هشت (مشتق از پلاسمای انسانی)),"(COAGULATION FACTOR VIII (HUMAN PLASMA DERIVED) INJECTION, POWDER, LYOPHILIZED, FOR SOLUTION PARENTERAL 250 [iU] )OCTANATE INJECTION, POWDER, LYOPHILIZED, FOR SOLUTION PARENTERAL 250 [iU]",Octapharma,تجهیزات پزشکی و دارویی پورا طب,"3,370,000","1 VIAL, GLASS in 1 BOX",1392789250378169,13238
اکتانیت پودر لئوفیلیزه برای تهیه محلول تزریقی پرنترال 250 [iU] (پودر لئوفیلیزه برای تهیه محلول تزریقی فاکتور هشت (مشتق از پلاسمای انسانی)),"(COAGULATION FACTOR VIII (HUMAN PLASMA DERIVED) INJECTION, POWDER, LYOPHILIZED, FOR SOLUTION PARENTERAL 250 [iU] )OCTANATE INJECTION, POWDER, LYOPHILIZED, FOR SOLUTION PARENTERAL 250 [iU]",Octapharma,تجهیزات پزشکی و دارویی پورا طب,"3,370,000","1 VIAL, GLASS in 1 BOX",4344890583124429,13238
اکتانیت پودر لئوفیلیزه برای تهیه محلول تزریقی پرنترال 500 [iU] (پودر لئوفیلیزه برای تهیه محلول تزریقی فاکتور هشت (مشتق از پلاسمای انسانی)),"(COAGULATION FACTOR VIII (HUMAN PLASMA DERIVED) INJECTION, POWDER, LYOPHILIZED, FOR SOLUTION PARENTERAL 500 [iU] )OCTANATE INJECTION, POWDER, LYOPHILIZED, FOR SOLUTION PARENTERAL 500 [iU]",Octapharma,تجهیزات پزشکی و دارویی پورا طب,"29,000,000","1 VIAL, GLASS in 1 BOX",6385680398412621,12544
هماکتین پودر لئوفیلیزه برای تهیه محلول تزریقی پرنترال 1000 [iU] (پودر لئوفیلیزه برای تهیه محلول تزریقی فاکتور هشت (مشتق از پلاسمای انسانی)),"(COAGULATION FACTOR VIII (HUMAN PLASMA DERIVED) INJECTION, POWDER, LYOPHILIZED, FOR SOLUTION PARENTERAL 1000 [iU] )HAEMOCTIN INJECTION, POWDER, LYOPHILIZED, FOR SOLUTION PARENTERAL 1000 [iU]",Biotest AG,درمان آرا,"53,346,000","1 VIAL, GLASS in 1 BOX",6583904435236228,5728
اکتانیت پودر لئوفیلیزه برای تهیه محلول تزریقی پرنترال 250 [iU] (پودر لئوفیلیزه برای تهیه محلول تزریقی فاکتور هشت (مشتق از پلاسمای انسانی)),"(COAGULATION FACTOR VIII (HUMAN PLASMA DERIVED) INJECTION, POWDER, LYOPHILIZED, FOR SOLUTION PARENTERAL 250 [iU] )OCTANATE INJECTION, POWDER, LYOPHILIZED, FOR SOLUTION PARENTERAL 250 [iU]",Octapharma,پالایش و پژوهش خون,"3,370,000","1 VIAL, GLASS in 1 BOX",9217461784638568,13238
کوژنیت پودر لئوفیلیزه برای تهیه محلول تزریقی پرنترال 250 [iU] (پودر لئوفیلیزه برای تهیه محلول تزریقی فاکتور هشت (نوترکیب)),"(COAGULATION FACTOR VIII (RECOMBINANT) INJECTION, POWDER, LYOPHILIZED, FOR SOLUTION PARENTERAL 250 [iU] )KOGENATE INJECTION, POWDER, LYOPHILIZED, FOR SOLUTION PARENTERAL 250 [iU]",Bayer Ag(ex Bayer Pharma Ag),شفا یاب گستر,-,1 VIAL in 1 CARTON,3811128471924874,52878
کوژنیت پودر لئوفیلیزه برای تهیه محلول تزریقی پرنترال 500 [iU] (پودر لئوفیلیزه برای تهیه محلول تزریقی فاکتور هشت (نوترکیب)),"(COAGULATION FACTOR VIII (RECOMBINANT) INJECTION, POWDER, LYOPHILIZED, FOR SOLUTION PARENTERAL 500 [iU] )KOGENATE INJECTION, POWDER, LYOPHILIZED, FOR SOLUTION PARENTERAL 500 [iU]",Bayer Ag(ex Bayer Pharma Ag),شفا یاب گستر,-,1 VIAL in 1 CARTON,7914474817369039,52879
هماکتین پودر لئوفیلیزه برای تهیه محلول تزریقی پرنترال 250 [iU] (پودر لئوفیلیزه برای تهیه محلول تزریقی فاکتور هشت (مشتق از پلاسمای انسانی)),"(COAGULATION FACTOR VIII (HUMAN PLASMA DERIVED) INJECTION, POWDER, LYOPHILIZED, FOR SOLUTION PARENTERAL 250 [iU] )HAEMOCTIN INJECTION, POWDER, LYOPHILIZED, FOR SOLUTION PARENTERAL 250 [iU]",Biotest AG,درمان آرا,-,"1 VIAL, GLASS in 1 BOX",3593509666578728,13238
گرین هشت پودر لئوفیلیزه برای تهیه محلول تزریقی پرنترال 250 [iU] (پودر لئوفیلیزه برای تهیه محلول تزریقی فاکتور هشت (مشتق از پلاسمای انسانی)),"(COAGULATION FACTOR VIII (HUMAN PLASMA DERIVED) INJECTION, POWDER, LYOPHILIZED, FOR SOLUTION PARENTERAL 250 [iU] )GREEN VIII INJECTION, POWDER, LYOPHILIZED, FOR SOLUTION PARENTERAL 250 [iU]",Green Cross,اهران تجارت,"3,370,000",1 VIAL in 1 BOX,9321166387508984,13238
فکتان پودر لئوفیلیزه برای تهیه محلول تزریقی پرنترال 500 [iU] (پودر لئوفیلیزه برای تهیه محلول تزریقی فاکتور هشت (مشتق از پلاسمای انسانی)),"(COAGULATION FACTOR VIII (HUMAN PLASMA DERIVED) INJECTION, POWDER, LYOPHILIZED, FOR SOLUTION PARENTERAL 500 [iU] )FACTANE INJECTION, POWDER, LYOPHILIZED, FOR SOLUTION PARENTERAL 500 [iU]",Lfb Biomedicaments,کوبل دارو,"29,000,000",1 VIAL in 1 BOX,8304319469102250,12544
هماکتین پودر لئوفیلیزه برای تهیه محلول تزریقی پرنترال 500 [iU] (پودر لئوفیلیزه برای تهیه محلول تزریقی فاکتور هشت (مشتق از پلاسمای انسانی)),"(COAGULATION FACTOR VIII (HUMAN PLASMA DERIVED) INJECTION, POWDER, LYOPHILIZED, FOR SOLUTION PARENTERAL 500 [iU] )HAEMOCTIN INJECTION, POWDER, LYOPHILIZED, FOR SOLUTION PARENTERAL 500 [iU]",Biotest AG,درمان آرا,"29,000,000","1 VIAL, GLASS in 1 BOX",5501197251335907,12544
سافاکتو آ اف پودر لئوفیلیزه برای تهیه محلول تزریقی پرنترال 500 [iU] (پودر لئوفیلیزه برای تهیه محلول تزریقی فاکتور هشت (نوترکیب)),"(COAGULATION FACTOR VIII (RECOMBINANT) INJECTION, POWDER, LYOPHILIZED, FOR SOLUTION PARENTERAL 500 [iU] )SAFACTO AF INJECTION, POWDER, LYOPHILIZED, FOR SOLUTION PARENTERAL 500 [iU]",سامان داروی هشتم,سامان داروی هشتم,"29,000,000",1 PACKAGE in 1 BOX,3480872089018964,52879
اکتانیت پودر لئوفیلیزه برای تهیه محلول تزریقی پرنترال 250 [iU] (پودر لئوفیلیزه برای تهیه محلول تزریقی فاکتور هشت (مشتق از پلاسمای انسانی)),"(COAGULATION FACTOR VIII (HUMAN PLASMA DERIVED) INJECTION, POWDER, LYOPHILIZED, FOR SOLUTION PARENTERAL 250 [iU] )OCTANATE INJECTION, POWDER, LYOPHILIZED, FOR SOLUTION PARENTERAL 250 [iU]",Octapharma,پالایش و پژوهش خون,"15,594,000","1 VIAL, GLASS in 1 BOX",6492068223587497,13238
نووایت پودر لئوفیلیزه برای تهیه محلول تزریقی پرنترال 500 [iU] (پودر لئوفیلیزه برای تهیه محلول تزریقی فاکتور هشت (نوترکیب)),"(COAGULATION FACTOR VIII (RECOMBINANT) INJECTION, POWDER, LYOPHILIZED, FOR SOLUTION PARENTERAL 500 [iU] )NOVOEIGHT INJECTION, POWDER, LYOPHILIZED, FOR SOLUTION PARENTERAL 500 [iU]",Novonordisk,نوو نور دیسک پارس,"24,489,620","1 VIAL, GLASS in 1 BOX",8442429033483492,52879
اکتانیت پودر لئوفیلیزه برای تهیه محلول تزریقی پرنترال 250 [iU] (پودر لئوفیلیزه برای تهیه محلول تزریقی فاکتور هشت (مشتق از پلاسمای انسانی)),"(COAGULATION FACTOR VIII (HUMAN PLASMA DERIVED) INJECTION, POWDER, LYOPHILIZED, FOR SOLUTION PARENTERAL 250 [iU] )OCTANATE INJECTION, POWDER, LYOPHILIZED, FOR SOLUTION PARENTERAL 250 [iU]",Octapharma,تجهیزات پزشکی و دارویی پورا طب,"3,370,000","1 VIAL, GLASS in 1 BOX",3984037635013600,13238
اکتانیت پودر لئوفیلیزه برای تهیه محلول تزریقی پرنترال 250 [iU] (پودر لئوفیلیزه برای تهیه محلول تزریقی فاکتور هشت (مشتق از پلاسمای انسانی)),"(COAGULATION FACTOR VIII (HUMAN PLASMA DERIVED) INJECTION, POWDER, LYOPHILIZED, FOR SOLUTION PARENTERAL 250 [iU] )OCTANATE INJECTION, POWDER, LYOPHILIZED, FOR SOLUTION PARENTERAL 250 [iU]",Octapharma,تجهیزات پزشکی و دارویی پورا طب,"3,370,000","1 VIAL, GLASS in 1 BOX",9850700917636195,13238
اکتانیت پودر لئوفیلیزه برای تهیه محلول تزریقی پرنترال 1000 [iU] (پودر لئوفیلیزه برای تهیه محلول تزریقی فاکتور هشت (مشتق از پلاسمای انسانی)),"(COAGULATION FACTOR VIII (HUMAN PLASMA DERIVED) INJECTION, POWDER, LYOPHILIZED, FOR SOLUTION PARENTERAL 1000 [iU] )OCTANATE INJECTION, POWDER, LYOPHILIZED, FOR SOLUTION PARENTERAL 1000 [iU]",Octapharma,تجهیزات پزشکی و دارویی پورا طب,0,"1 VIAL, GLASS in 1 BOX",9590162177986547,5728
اکتانیت پودر لئوفیلیزه برای تهیه محلول تزریقی پرنترال 250 [iU] (پودر لئوفیلیزه برای تهیه محلول تزریقی فاکتور هشت (مشتق از پلاسمای انسانی)),"(COAGULATION FACTOR VIII (HUMAN PLASMA DERIVED) INJECTION, POWDER, LYOPHILIZED, FOR SOLUTION PARENTERAL 250 [iU] )OCTANATE INJECTION, POWDER, LYOPHILIZED, FOR SOLUTION PARENTERAL 250 [iU]",Octapharma,پالایش و پژوهش خون,"14,839,000","1 VIAL, GLASS in 1 BOX",7181189698679814,13238
اپتیویت پودر لئوفیلیزه برای تهیه محلول تزریقی پرنترال 250 [iU] (پودر لئوفیلیزه برای تهیه محلول تزریقی فاکتور هشت (مشتق از پلاسمای انسانی)),"(COAGULATION FACTOR VIII (HUMAN PLASMA DERIVED) INJECTION, POWDER, LYOPHILIZED, FOR SOLUTION PARENTERAL 250 [iU] )OPTIVATE INJECTION, POWDER, LYOPHILIZED, FOR SOLUTION PARENTERAL 250 [iU]",Bpl-bio Products Laboratory Ltd,ویستا فارمد ایرانیان,"3,370,000",250 INTERNATIONAL UNITS in 1 AMPULE,1091989349445362,13238
ادوات پودر لئوفیلیزه برای تهیه محلول تزریقی پرنترال 500 [iU] (پودر لئوفیلیزه برای تهیه محلول تزریقی فاکتور هشت (نوترکیب)),"(COAGULATION FACTOR VIII (RECOMBINANT) INJECTION, POWDER, LYOPHILIZED, FOR SOLUTION PARENTERAL 500 [iU] )Advate INJECTION, POWDER, LYOPHILIZED, FOR SOLUTION PARENTERAL 500 [iU]",Takeda Austria Gmbh,کار و اندیشه,-,"1 VIAL, GLASS in 1 BOX",9390829771463529,52879
ایمونیت پودر لئوفیلیزه برای تهیه محلول تزریقی پرنترال 500 [iU] (پودر لئوفیلیزه برای تهیه محلول تزریقی فاکتور هشت (مشتق از پلاسمای انسانی)),"(COAGULATION FACTOR VIII (HUMAN PLASMA DERIVED) INJECTION, POWDER, LYOPHILIZED, FOR SOLUTION PARENTERAL 500 [iU] )IMMUNATE INJECTION, POWDER, LYOPHILIZED, FOR SOLUTION PARENTERAL 500 [iU]",TAKEDA (ex BAXTER),کار و اندیشه,"30,868,000",1 VIAL in 1 BOX,7245392599126611,12544
اموکلات پودر لئوفیلیزه برای تهیه محلول تزریقی پرنترال 500 [iU] (پودر لئوفیلیزه برای تهیه محلول تزریقی فاکتور هشت (مشتق از پلاسمای انسانی)),"(COAGULATION FACTOR VIII (HUMAN PLASMA DERIVED) INJECTION, POWDER, LYOPHILIZED, FOR SOLUTION PARENTERAL 500 [iU] )EMOCLOT INJECTION, POWDER, LYOPHILIZED, FOR SOLUTION PARENTERAL 500 [iU]",Kedrion,بهستان دارو,"29,000,000",1 VIAL in 1 BOX,6778159353368883,12544
ایمونیت پودر لئوفیلیزه برای تهیه محلول تزریقی پرنترال 250 [iU] (پودر لئوفیلیزه برای تهیه محلول تزریقی فاکتور هشت (مشتق از پلاسمای انسانی)),"(COAGULATION FACTOR VIII (HUMAN PLASMA DERIVED) INJECTION, POWDER, LYOPHILIZED, FOR SOLUTION PARENTERAL 250 [iU] )IMMUNATE INJECTION, POWDER, LYOPHILIZED, FOR SOLUTION PARENTERAL 250 [iU]",TAKEDA (ex BAXTER),کار و اندیشه,"3,370,000",1 VIAL in 1 BOX,4674771213389777,13238
هماکتین پودر لئوفیلیزه برای تهیه محلول تزریقی پرنترال 1000 [iU] (پودر لئوفیلیزه برای تهیه محلول تزریقی فاکتور هشت (مشتق از پلاسمای انسانی)),"(COAGULATION FACTOR VIII (HUMAN PLASMA DERIVED) INJECTION, POWDER, LYOPHILIZED, FOR SOLUTION PARENTERAL 1000 [iU] )HAEMOCTIN INJECTION, POWDER, LYOPHILIZED, FOR SOLUTION PARENTERAL 1000 [iU]",Biotest AG,بهستان دارو,"6,100,000",1 VIAL in 1 BOX,5851402636153281,5728
اکتانیت پودر لئوفیلیزه برای تهیه محلول تزریقی پرنترال 1000 [iU] (پودر لئوفیلیزه برای تهیه محلول تزریقی فاکتور هشت (مشتق از پلاسمای انسانی)),"(COAGULATION FACTOR VIII (HUMAN PLASMA DERIVED) INJECTION, POWDER, LYOPHILIZED, FOR SOLUTION PARENTERAL 1000 [iU] )OCTANATE INJECTION, POWDER, LYOPHILIZED, FOR SOLUTION PARENTERAL 1000 [iU]",Octapharma,تجهیزات پزشکی و دارویی پورا طب,0,"1 VIAL, GLASS in 1 BOX",1287512438928743,5728
زینتا پودر لئوفیلیزه برای تهیه محلول تزریقی پرنترال 500 [iU] (پودر لئوفیلیزه برای تهیه محلول تزریقی فاکتور هشت (نوترکیب)),"(COAGULATION FACTOR VIII (RECOMBINANT) INJECTION, POWDER, LYOPHILIZED, FOR SOLUTION PARENTERAL 500 [iU] )XYNTHA INJECTION, POWDER, LYOPHILIZED, FOR SOLUTION PARENTERAL 500 [iU]",Pfizer,بهستان دارو,"29,000,000",1 VIAL in 1 BOX,1582511726644469,52879
اکتانیت پودر لئوفیلیزه برای تهیه محلول تزریقی پرنترال 500 [iU] (پودر لئوفیلیزه برای تهیه محلول تزریقی فاکتور هشت (مشتق از پلاسمای انسانی)),"(COAGULATION FACTOR VIII (HUMAN PLASMA DERIVED) INJECTION, POWDER, LYOPHILIZED, FOR SOLUTION PARENTERAL 500 [iU] )OCTANATE INJECTION, POWDER, LYOPHILIZED, FOR SOLUTION PARENTERAL 500 [iU]",Octapharma,تجهیزات پزشکی و دارویی پورا طب,"29,000,000","1 VIAL, GLASS in 1 BOX",2250150372842021,12544
هماکتین پودر لئوفیلیزه برای تهیه محلول تزریقی پرنترال 500 [iU] (پودر لئوفیلیزه برای تهیه محلول تزریقی فاکتور هشت (مشتق از پلاسمای انسانی)),"(COAGULATION FACTOR VIII (HUMAN PLASMA DERIVED) INJECTION, POWDER, LYOPHILIZED, FOR SOLUTION PARENTERAL 500 [iU] )HAEMOCTIN INJECTION, POWDER, LYOPHILIZED, FOR SOLUTION PARENTERAL 500 [iU]",Biotest AG,دایا آرین دارو,"29,000,000",1 VIAL in 1 BOX,8276628793541827,12544
نووایت پودر لئوفیلیزه برای تهیه محلول تزریقی پرنترال 1000 [iU] (پودر لئوفیلیزه برای تهیه محلول تزریقی فاکتور هشت (نوترکیب)),"(COAGULATION FACTOR VIII (RECOMBINANT) INJECTION, POWDER, LYOPHILIZED, FOR SOLUTION PARENTERAL 1000 [iU] )NOVOEIGHT INJECTION, POWDER, LYOPHILIZED, FOR SOLUTION PARENTERAL 1000 [iU]",Novonordisk,نوو نور دیسک پارس,"48,979,240",1 VIAL in 1 CARTON,8936044413498665,52880
اکتانیت پودر لئوفیلیزه برای تهیه محلول تزریقی پرنترال 1000 [iU] (پودر لئوفیلیزه برای تهیه محلول تزریقی فاکتور هشت (مشتق از پلاسمای انسانی)),"(COAGULATION FACTOR VIII (HUMAN PLASMA DERIVED) INJECTION, POWDER, LYOPHILIZED, FOR SOLUTION PARENTERAL 1000 [iU] )OCTANATE INJECTION, POWDER, LYOPHILIZED, FOR SOLUTION PARENTERAL 1000 [iU]",Octapharma,پالایش و پژوهش خون,"6,100,000","1 VIAL, GLASS in 1 BOX",6960650360953767,5728
کوآگیت پودر لئوفیلیزه برای تهیه محلول تزریقی پرنترال 2000 [iU] (پودر لئوفیلیزه برای تهیه محلول تزریقی فاکتور هشت (نوترکیب)),"(COAGULATION FACTOR VIII (RECOMBINANT) INJECTION, POWDER, LYOPHILIZED, FOR SOLUTION PARENTERAL 2000 [iU] )COAGEIGHT INJECTION, POWDER, LYOPHILIZED, FOR SOLUTION PARENTERAL 2000 [iU]",آریوژن فارمد,آریوژن فارمد,"116,000,000",1 VIAL in 1 BOX,1114266489716699,53142
کوآگیت پودر لئوفیلیزه برای تهیه محلول تزریقی پرنترال 1000 [iU] (پودر لئوفیلیزه برای تهیه محلول تزریقی فاکتور هشت (نوترکیب)),"(COAGULATION FACTOR VIII (RECOMBINANT) INJECTION, POWDER, LYOPHILIZED, FOR SOLUTION PARENTERAL 1000 [iU] )COAGEIGHT INJECTION, POWDER, LYOPHILIZED, FOR SOLUTION PARENTERAL 1000 [iU]",آریوژن فارمد,آریوژن فارمد,"58,000,000","1 VIAL, GLASS in 1 BOX",9275740779753127,52880
هماکتین پودر لئوفیلیزه برای تهیه محلول تزریقی پرنترال 500 [iU] (پودر لئوفیلیزه برای تهیه محلول تزریقی فاکتور هشت (مشتق از پلاسمای انسانی)),"(COAGULATION FACTOR VIII (HUMAN PLASMA DERIVED) INJECTION, POWDER, LYOPHILIZED, FOR SOLUTION PARENTERAL 500 [iU] )HAEMOCTIN INJECTION, POWDER, LYOPHILIZED, FOR SOLUTION PARENTERAL 500 [iU]",Biotest AG,پالایش و پژوهش خون,"29,000,000",1 VIAL in 1 BOX,4207397081799205,12544
هماکتین پودر لئوفیلیزه برای تهیه محلول تزریقی پرنترال 500 [iU] (پودر لئوفیلیزه برای تهیه محلول تزریقی فاکتور هشت (مشتق از پلاسمای انسانی)),"(COAGULATION FACTOR VIII (HUMAN PLASMA DERIVED) INJECTION, POWDER, LYOPHILIZED, FOR SOLUTION PARENTERAL 500 [iU] )HAEMOCTIN INJECTION, POWDER, LYOPHILIZED, FOR SOLUTION PARENTERAL 500 [iU]",Biotest AG,بیو دارو,"29,000,000","1 VIAL, GLASS in 1 BOX",9660647910813976,12544
اکتانیت پودر لئوفیلیزه برای تهیه محلول تزریقی پرنترال 500 [iU] (پودر لئوفیلیزه برای تهیه محلول تزریقی فاکتور هشت (مشتق از پلاسمای انسانی)),"(COAGULATION FACTOR VIII (HUMAN PLASMA DERIVED) INJECTION, POWDER, LYOPHILIZED, FOR SOLUTION PARENTERAL 500 [iU] )OCTANATE INJECTION, POWDER, LYOPHILIZED, FOR SOLUTION PARENTERAL 500 [iU]",Octapharma,تجهیزات پزشکی و دارویی پورا طب,"29,000,000","1 VIAL, GLASS in 1 BOX",9572376324377604,12544
هماکتین پودر لئوفیلیزه برای تهیه محلول تزریقی پرنترال 1000 [iU] (پودر لئوفیلیزه برای تهیه محلول تزریقی فاکتور هشت (مشتق از پلاسمای انسانی)),"(COAGULATION FACTOR VIII (HUMAN PLASMA DERIVED) INJECTION, POWDER, LYOPHILIZED, FOR SOLUTION PARENTERAL 1000 [iU] )HAEMOCTIN INJECTION, POWDER, LYOPHILIZED, FOR SOLUTION PARENTERAL 1000 [iU]",Biotest AG,درمان آرا,"53,346,000","1 VIAL, GLASS in 1 BOX",3585517588383251,5728
هماکتین پودر لئوفیلیزه برای تهیه محلول تزریقی پرنترال 1000 [iU] (پودر لئوفیلیزه برای تهیه محلول تزریقی فاکتور هشت (مشتق از پلاسمای انسانی)),"(COAGULATION FACTOR VIII (HUMAN PLASMA DERIVED) INJECTION, POWDER, LYOPHILIZED, FOR SOLUTION PARENTERAL 1000 [iU] )HAEMOCTIN INJECTION, POWDER, LYOPHILIZED, FOR SOLUTION PARENTERAL 1000 [iU]",Biotest AG,بهستان پلاسما,"53,346,000","1 VIAL, GLASS in 1 BOX",4404863375501363,5728
هماکتین پودر لئوفیلیزه برای تهیه محلول تزریقی پرنترال 500 [iU] (پودر لئوفیلیزه برای تهیه محلول تزریقی فاکتور هشت (مشتق از پلاسمای انسانی)),"(COAGULATION FACTOR VIII (HUMAN PLASMA DERIVED) INJECTION, POWDER, LYOPHILIZED, FOR SOLUTION PARENTERAL 500 [iU] )HAEMOCTIN INJECTION, POWDER, LYOPHILIZED, FOR SOLUTION PARENTERAL 500 [iU]",Biotest AG,بهستان پلاسما,"29,000,000","1 VIAL, GLASS in 1 BOX",8865748027333947,12544
فندی پودر لئوفیلیزه برای تهیه محلول تزریقی پرنترال 500 [iU] (پودر لئوفیلیزه برای تهیه محلول تزریقی فاکتور هشت (مشتق از پلاسمای انسانی)),"(COAGULATION FACTOR VIII (HUMAN PLASMA DERIVED) INJECTION, POWDER, LYOPHILIZED, FOR SOLUTION PARENTERAL 500 [iU] )FANHDI INJECTION, POWDER, LYOPHILIZED, FOR SOLUTION PARENTERAL 500 [iU]",Instituto Grifols S.a.,گسترش بازرگانی دارو درمان پارس,"29,000,000","1 VIAL, GLASS in 1 BOX",5574386881855905,12544
اکتانیت پودر لئوفیلیزه برای تهیه محلول تزریقی پرنترال 1000 [iU] (پودر لئوفیلیزه برای تهیه محلول تزریقی فاکتور هشت (مشتق از پلاسمای انسانی)),"(COAGULATION FACTOR VIII (HUMAN PLASMA DERIVED) INJECTION, POWDER, LYOPHILIZED, FOR SOLUTION PARENTERAL 1000 [iU] )OCTANATE INJECTION, POWDER, LYOPHILIZED, FOR SOLUTION PARENTERAL 1000 [iU]",Octapharma,تجهیزات پزشکی و دارویی پورا طب,0,"1 VIAL, GLASS in 1 BOX",8466456341846342,5728
سافاکتو آ اف پودر لئوفیلیزه برای تهیه محلول تزریقی پرنترال 500 [iU] (پودر لئوفیلیزه برای تهیه محلول تزریقی فاکتور هشت (نوترکیب)),"(COAGULATION FACTOR VIII (RECOMBINANT) INJECTION, POWDER, LYOPHILIZED, FOR SOLUTION PARENTERAL 500 [iU] )SAFACTO AF INJECTION, POWDER, LYOPHILIZED, FOR SOLUTION PARENTERAL 500 [iU]",سامان داروی هشتم,سامان داروی هشتم,"29,000,000","1 VIAL, GLASS in 1 BOX",7210201495605784,52879
نووایت پودر لئوفیلیزه برای تهیه محلول تزریقی پرنترال 250 [iU] (پودر لئوفیلیزه برای تهیه محلول تزریقی فاکتور هشت (نوترکیب)),"(COAGULATION FACTOR VIII (RECOMBINANT) INJECTION, POWDER, LYOPHILIZED, FOR SOLUTION PARENTERAL 250 [iU] )NOVOEIGHT INJECTION, POWDER, LYOPHILIZED, FOR SOLUTION PARENTERAL 250 [iU]",Novonordisk,نوو نور دیسک پارس,-,"1 VIAL, GLASS in 1 CARTON",7379224641900268,52878
نووایت پودر لئوفیلیزه برای تهیه محلول تزریقی پرنترال 1000 [iU] (پودر لئوفیلیزه برای تهیه محلول تزریقی فاکتور هشت (نوترکیب)),"(COAGULATION FACTOR VIII (RECOMBINANT) INJECTION, POWDER, LYOPHILIZED, FOR SOLUTION PARENTERAL 1000 [iU] )NOVOEIGHT INJECTION, POWDER, LYOPHILIZED, FOR SOLUTION PARENTERAL 1000 [iU]",Novo Nordisk,تدبیر کیمیا اکسیر,0,1 VIAL in 1 CARTON,1159136516913076,52880
اکتانیت پودر لئوفیلیزه برای تهیه محلول تزریقی پرنترال 1000 [iU] (پودر لئوفیلیزه برای تهیه محلول تزریقی فاکتور هشت (مشتق از پلاسمای انسانی)),"(COAGULATION FACTOR VIII (HUMAN PLASMA DERIVED) INJECTION, POWDER, LYOPHILIZED, FOR SOLUTION PARENTERAL 1000 [iU] )OCTANATE INJECTION, POWDER, LYOPHILIZED, FOR SOLUTION PARENTERAL 1000 [iU]",Octapharma,پالایش و پژوهش خون,"6,100,000","1 VIAL, GLASS in 1 BOX",8325199296889107,5728
اکتانیت پودر لئوفیلیزه برای تهیه محلول تزریقی پرنترال 1000 [iU] (پودر لئوفیلیزه برای تهیه محلول تزریقی فاکتور هشت (مشتق از پلاسمای انسانی)),"(COAGULATION FACTOR VIII (HUMAN PLASMA DERIVED) INJECTION, POWDER, LYOPHILIZED, FOR SOLUTION PARENTERAL 1000 [iU] )OCTANATE INJECTION, POWDER, LYOPHILIZED, FOR SOLUTION PARENTERAL 1000 [iU]",Octapharma,پالایش و پژوهش خون,-,"1 VIAL, GLASS in 1 BOX",3409325719936023,5728
هموفیل-ام پودر لئوفیلیزه برای تهیه محلول تزریقی پرنترال 500 [iU] (پودر لئوفیلیزه برای تهیه محلول تزریقی فاکتور هشت (مشتق از پلاسمای انسانی)),"(COAGULATION FACTOR VIII (HUMAN PLASMA DERIVED) INJECTION, POWDER, LYOPHILIZED, FOR SOLUTION PARENTERAL 500 [iU] )HEMOFIL-M INJECTION, POWDER, LYOPHILIZED, FOR SOLUTION PARENTERAL 500 [iU]",Baxalta,کار و اندیشه,"29,000,000","1 VIAL, GLASS in 1 BOX",9385718330610270,12544
اکتانیت پودر لئوفیلیزه برای تهیه محلول تزریقی پرنترال 500 [iU] (پودر لئوفیلیزه برای تهیه محلول تزریقی فاکتور هشت (مشتق از پلاسمای انسانی)),"(COAGULATION FACTOR VIII (HUMAN PLASMA DERIVED) INJECTION, POWDER, LYOPHILIZED, FOR SOLUTION PARENTERAL 500 [iU] )OCTANATE INJECTION, POWDER, LYOPHILIZED, FOR SOLUTION PARENTERAL 500 [iU]",Octapharma,تجهیزات پزشکی و دارویی پورا طب,"29,000,000","1 VIAL, GLASS in 1 BOX",8351081885286114,12544
گرین هشت پودر لئوفیلیزه برای تهیه محلول تزریقی پرنترال 500 [iU] (پودر لئوفیلیزه برای تهیه محلول تزریقی فاکتور هشت (مشتق از پلاسمای انسانی)),"(COAGULATION FACTOR VIII (HUMAN PLASMA DERIVED) INJECTION, POWDER, LYOPHILIZED, FOR SOLUTION PARENTERAL 500 [iU] )GREEN VIII INJECTION, POWDER, LYOPHILIZED, FOR SOLUTION PARENTERAL 500 [iU]",Green Cross,اهران تجارت,"29,000,000",1 VIAL in 1 BOX,2134113791961701,12544
هموفیل-ام پودر لئوفیلیزه برای تهیه محلول تزریقی پرنترال 250 [iU] (پودر لئوفیلیزه برای تهیه محلول تزریقی فاکتور هشت (مشتق از پلاسمای انسانی)),"(COAGULATION FACTOR VIII (HUMAN PLASMA DERIVED) INJECTION, POWDER, LYOPHILIZED, FOR SOLUTION PARENTERAL 250 [iU] )HEMOFIL-M INJECTION, POWDER, LYOPHILIZED, FOR SOLUTION PARENTERAL 250 [iU]",Baxalta,کار و اندیشه,"3,370,000","1 VIAL, GLASS in 1 BOX",4764403215013992,13238
اکتانیت پودر لئوفیلیزه برای تهیه محلول تزریقی پرنترال 500 [iU] (پودر لئوفیلیزه برای تهیه محلول تزریقی فاکتور هشت (مشتق از پلاسمای انسانی)),"(COAGULATION FACTOR VIII (HUMAN PLASMA DERIVED) INJECTION, POWDER, LYOPHILIZED, FOR SOLUTION PARENTERAL 500 [iU] )OCTANATE INJECTION, POWDER, LYOPHILIZED, FOR SOLUTION PARENTERAL 500 [iU]",Octapharma,پالایش و پژوهش خون,"29,000,000","1 VIAL, GLASS in 1 BOX",4565586348253932,12544
کوآگیت پودر لئوفیلیزه برای تهیه محلول تزریقی پرنترال 500 [iU] (پودر لئوفیلیزه برای تهیه محلول تزریقی فاکتور هشت (نوترکیب)),"(COAGULATION FACTOR VIII (RECOMBINANT) INJECTION, POWDER, LYOPHILIZED, FOR SOLUTION PARENTERAL 500 [iU] )COAGEIGHT INJECTION, POWDER, LYOPHILIZED, FOR SOLUTION PARENTERAL 500 [iU]",آریوژن فارمد,آریوژن فارمد,"29,000,000",1 VIAL in 1 BOX,9400514919064175,52879
اکتانیت پودر لئوفیلیزه برای تهیه محلول تزریقی پرنترال 500 [iU] (پودر لئوفیلیزه برای تهیه محلول تزریقی فاکتور هشت (مشتق از پلاسمای انسانی)),"(COAGULATION FACTOR VIII (HUMAN PLASMA DERIVED) INJECTION, POWDER, LYOPHILIZED, FOR SOLUTION PARENTERAL 500 [iU] )OCTANATE INJECTION, POWDER, LYOPHILIZED, FOR SOLUTION PARENTERAL 500 [iU]",Octapharma,پالایش و پژوهش خون,"29,000,000","500 INTERNATIONAL UNITS in 1 VIAL, GLASS",1293482927260375,12544
سافاکتو آ اف پودر لئوفیلیزه برای تهیه محلول تزریقی پرنترال 250 [iU] (پودر لئوفیلیزه برای تهیه محلول تزریقی فاکتور هشت (نوترکیب)),"(COAGULATION FACTOR VIII (RECOMBINANT) INJECTION, POWDER, LYOPHILIZED, FOR SOLUTION PARENTERAL 250 [iU] )SAFACTO AF INJECTION, POWDER, LYOPHILIZED, FOR SOLUTION PARENTERAL 250 [iU]",سامان داروی هشتم,سامان داروی هشتم,"9,893,300","1 VIAL, GLASS in 1 BOX",5468833561827703,52878
سافاکتو آ اف پودر لئوفیلیزه برای تهیه محلول تزریقی پرنترال 1000 [iU] (پودر لئوفیلیزه برای تهیه محلول تزریقی فاکتور هشت (نوترکیب)),"(COAGULATION FACTOR VIII (RECOMBINANT) INJECTION, POWDER, LYOPHILIZED, FOR SOLUTION PARENTERAL 1000 [iU] )SAFACTO AF INJECTION, POWDER, LYOPHILIZED, FOR SOLUTION PARENTERAL 1000 [iU]",سامان داروی هشتم,سامان داروی هشتم,"58,000,000","1 VIAL, GLASS in 1 BOX",6247165973771818,52880
اکتانیت پودر لئوفیلیزه برای تهیه محلول تزریقی پرنترال 500 [iU] (پودر لئوفیلیزه برای تهیه محلول تزریقی فاکتور هشت (مشتق از پلاسمای انسانی)),"(COAGULATION FACTOR VIII (HUMAN PLASMA DERIVED) INJECTION, POWDER, LYOPHILIZED, FOR SOLUTION PARENTERAL 500 [iU] )OCTANATE INJECTION, POWDER, LYOPHILIZED, FOR SOLUTION PARENTERAL 500 [iU]",Octapharma,پالایش و پژوهش خون,"29,000,000","1 VIAL, GLASS in 1 BOX",6116148445114151,12544
نووایت پودر لئوفیلیزه برای تهیه محلول تزریقی پرنترال 500 [iU] (پودر لئوفیلیزه برای تهیه محلول تزریقی فاکتور هشت (نوترکیب)),"(COAGULATION FACTOR VIII (RECOMBINANT) INJECTION, POWDER, LYOPHILIZED, FOR SOLUTION PARENTERAL 500 [iU] )NOVOEIGHT INJECTION, POWDER, LYOPHILIZED, FOR SOLUTION PARENTERAL 500 [iU]",Novo Nordisk,نوو نور دیسک پارس,"3,050,000","1 VIAL, GLASS in 1 CARTON",8400382754270822,52879
نووایت پودر لئوفیلیزه برای تهیه محلول تزریقی پرنترال 1000 [iU] (پودر لئوفیلیزه برای تهیه محلول تزریقی فاکتور هشت (نوترکیب)),"(COAGULATION FACTOR VIII (RECOMBINANT) INJECTION, POWDER, LYOPHILIZED, FOR SOLUTION PARENTERAL 1000 [iU] )NOVOEIGHT INJECTION, POWDER, LYOPHILIZED, FOR SOLUTION PARENTERAL 1000 [iU]",Novo Nordisk,نوو نور دیسک پارس,"6,100,000","1 VIAL, GLASS in 1 CARTON",5695776764927302,52880
برییت پی پودر لئوفیلیزه برای تهیه محلول تزریقی پرنترال 500 [iU] (پودر لئوفیلیزه برای تهیه محلول تزریقی فاکتور هشت (مشتق از پلاسمای انسانی)),"(COAGULATION FACTOR VIII (HUMAN PLASMA DERIVED) INJECTION, POWDER, LYOPHILIZED, FOR SOLUTION PARENTERAL 500 [iU] )BERIATE P INJECTION, POWDER, LYOPHILIZED, FOR SOLUTION PARENTERAL 500 [iU]",Csl Behring Gmbh,پالایش و پژوهش خون,"29,000,000",1 VIAL in 1 BOX,5460122248742187,12544
هماکتین پودر لئوفیلیزه برای تهیه محلول تزریقی پرنترال 500 [iU] (پودر لئوفیلیزه برای تهیه محلول تزریقی فاکتور هشت (مشتق از پلاسمای انسانی)),"(COAGULATION FACTOR VIII (HUMAN PLASMA DERIVED) INJECTION, POWDER, LYOPHILIZED, FOR SOLUTION PARENTERAL 500 [iU] )HAEMOCTIN INJECTION, POWDER, LYOPHILIZED, FOR SOLUTION PARENTERAL 500 [iU]",Biotest AG,بهستان دارو,"29,000,000",1 VIAL in 1 BOX,9584781441846688,12544
هماکتین پودر لئوفیلیزه برای تهیه محلول تزریقی پرنترال 250 [iU] (پودر لئوفیلیزه برای تهیه محلول تزریقی فاکتور هشت (مشتق از پلاسمای انسانی)),"(COAGULATION FACTOR VIII (HUMAN PLASMA DERIVED) INJECTION, POWDER, LYOPHILIZED, FOR SOLUTION PARENTERAL 250 [iU] )HAEMOCTIN INJECTION, POWDER, LYOPHILIZED, FOR SOLUTION PARENTERAL 250 [iU]",Biotest AG,درمان آرا,-,"1 VIAL, GLASS in 1 BOX",9268835455488046,13238
هماکتین پودر لئوفیلیزه برای تهیه محلول تزریقی پرنترال 500 [iU] (پودر لئوفیلیزه برای تهیه محلول تزریقی فاکتور هشت (مشتق از پلاسمای انسانی)),"(COAGULATION FACTOR VIII (HUMAN PLASMA DERIVED) INJECTION, POWDER, LYOPHILIZED, FOR SOLUTION PARENTERAL 500 [iU] )HAEMOCTIN INJECTION, POWDER, LYOPHILIZED, FOR SOLUTION PARENTERAL 500 [iU]",Biotest AG,پلاسما گستر پارس,"29,000,000","1 VIAL, GLASS in 1 BOX",6343762845735138,12544
هماکتین پودر لئوفیلیزه برای تهیه محلول تزریقی پرنترال 500 [iU] (پودر لئوفیلیزه برای تهیه محلول تزریقی فاکتور هشت (مشتق از پلاسمای انسانی)),"(COAGULATION FACTOR VIII (HUMAN PLASMA DERIVED) INJECTION, POWDER, LYOPHILIZED, FOR SOLUTION PARENTERAL 500 [iU] )HAEMOCTIN INJECTION, POWDER, LYOPHILIZED, FOR SOLUTION PARENTERAL 500 [iU]",Biotest AG,پلاسمای خوارزمی,"29,000,000",1 VIAL in 1 BOX,9651671834625084,12544
